{"accuracy": [0.6787113626469308, 0.8498040922942969, 0.8744013931214628, 0.8970396168915977, 0.9120592076621681, 0.9303439268611232, 0.9314323030039181, 0.9438397910317806, 0.9479756203744014, 0.9584240313452329, 0.9629952111449717, 0.9658249891162386, 0.9662603395733566, 0.9699608184588594, 0.9740966478014802, 0.9727905964301262, 0.9727905964301262, 0.979756203744014, 0.9867218110579016, 0.9832390074009578, 0.9871571615150196, 0.9845450587723117, 0.9849804092294296, 0.9862864606007836, 0.9854157596865477, 0.9882455376578145, 0.9862864606007836, 0.9893339138006095, 0.9888985633434915, 0.9899869394862865, 0.9862864606007836], "val_accuracy": [0.8760162601626016, 0.9146341463414634, 0.9400406504065041, 0.9451219512195121, 0.948170731707317, 0.9542682926829268, 0.9563008130081301, 0.9634146341463414, 0.9613821138211383, 0.9583333333333334, 0.9644308943089431, 0.9644308943089431, 0.9613821138211383, 0.9563008130081301, 0.9491869918699187, 0.9461382113821138, 0.9420731707317073, 0.959349593495935, 0.9532520325203252, 0.9563008130081301, 0.9583333333333334, 0.9491869918699187, 0.9532520325203252, 0.9512195121951219, 0.9522357723577236, 0.9613821138211383, 0.9563008130081301, 0.9583333333333334, 0.9491869918699187, 0.9603658536585366, 0.959349593495935], "loss": [0.8546550779380018, 0.42057321566729944, 0.345147589781931, 0.2815077246714531, 0.24474623486639677, 0.1992029727257798, 0.19322077432403265, 0.16982903398012253, 0.15388048032495732, 0.1290848328982118, 0.10693966841562759, 0.09963379671223847, 0.09023421847098902, 0.08715343259965849, 0.0719452305337269, 0.0719687138133896, 0.07392700565966721, 0.05797113069488424, 0.03965925640018286, 0.04922236656566573, 0.03553428579386183, 0.04403643626971093, 0.037581316035274946, 0.03597616295471729, 0.0368623219326651, 0.031279664588820484, 0.03310323617849653, 0.02882486161754398, 0.027399913546932123, 0.026290057161332318, 0.03348553615663173], "val_loss": [0.36367262185104493, 0.2501284012464973, 0.19344618634843244, 0.17019182523879095, 0.14587842720007993, 0.12899072555355667, 0.12064373708231663, 0.11301788122855067, 0.11960389630157288, 0.11930445430997183, 0.104698443278004, 0.10098763033596238, 0.10881238263403255, 0.11436089515171158, 0.12889011037853979, 0.14947009586342952, 0.1636884980797162, 0.10997612434969382, 0.11936196262050965, 0.13094615243466162, 0.11494562624597816, 0.13124512324613194, 0.13076782736613043, 0.1340623947042154, 0.1426637223902787, 0.11970915611477463, 0.13616244184379503, 0.12897982836674474, 0.14711045009193835, 0.12669033568250243, 0.12541353239250044], "lr": [0.0001, 0.0001, 0.0001, 0.0001, 0.0001, 0.0001, 0.0001, 0.0001, 0.0001, 0.0001, 0.0001, 0.0001, 0.0001, 0.0001, 0.0001, 0.0001, 5e-05, 5e-05, 5e-05, 5e-05, 5e-05, 2.5e-05, 2.5e-05, 2.5e-05, 2.5e-05, 2.5e-05, 1.25e-05, 1.25e-05, 1.25e-05, 1.25e-05, 1.25e-05]}