{"accuracy": [0.6336525903352198, 0.7940792337831954, 0.8273835437527209, 0.847627340008707, 0.8661297344362212, 0.8741837178929038, 0.8783195472355246, 0.8826730518067044, 0.8798432738354375, 0.8959512407488028, 0.8931214627775359, 0.9098824553765782, 0.9003047453199826, 0.9046582498911624, 0.9153243360905529, 0.9159773617762299, 0.9185894645189377, 0.9188071397474967, 0.9270787984327383, 0.9275141488898563, 0.934262080975185, 0.9262080975185024, 0.9270787984327383, 0.9303439268611232, 0.9329560296038311, 0.9444928167174576, 0.9379625598606879, 0.9388332607749238, 0.9403569873748368, 0.9460165433173705, 0.9412276882890727, 0.9429690901175446, 0.9410100130605137, 0.9527644754026992, 0.9457988680888115, 0.9529821506312581, 0.9558119286025251, 0.956682629516761, 0.9584240313452329, 0.9595124074880279, 0.957553330430997, 0.9629952111449717, 0.9558119286025251, 0.9590770570309098, 0.9614714845450588, 0.9592947322594688, 0.9573356552024379, 0.9584240313452329, 0.9662603395733566, 0.9675663909447105, 0.9610361340879408, 0.9619068350021768, 0.9632128863735306, 0.9592947322594688, 0.9597300827165869, 0.9636482368306487, 0.9647366129734436], "val_accuracy": [0.834349593495935, 0.8699186991869918, 0.8800813008130082, 0.8892276422764228, 0.9054878048780488, 0.9034552845528455, 0.9115853658536586, 0.9207317073170732, 0.9186991869918699, 0.9258130081300813, 0.9207317073170732, 0.9298780487804879, 0.9390243902439024, 0.9349593495934959, 0.9227642276422764, 0.931910569105691, 0.9451219512195121, 0.9298780487804879, 0.9308943089430894, 0.9308943089430894, 0.9471544715447154, 0.948170731707317, 0.9339430894308943, 0.9451219512195121, 0.9390243902439024, 0.9369918699186992, 0.9359756097560976, 0.9420731707317073, 0.943089430894309, 0.9491869918699187, 0.9471544715447154, 0.9420731707317073, 0.9420731707317073, 0.9380081300813008, 0.943089430894309, 0.9420731707317073, 0.9502032520325203, 0.9390243902439024, 0.9410569105691057, 0.9471544715447154, 0.9410569105691057, 0.9410569105691057, 0.9410569105691057, 0.9390243902439024, 0.9461382113821138, 0.9410569105691057, 0.9420731707317073, 0.9390243902439024, 0.9451219512195121, 0.9502032520325203, 0.9390243902439024, 0.9410569105691057, 0.9420731707317073, 0.9471544715447154, 0.9369918699186992, 0.943089430894309, 0.943089430894309], "loss": [0.9446136852840678, 0.5624058434482653, 0.46461101506241104, 0.40189736336794013, 0.37714691539925493, 0.3431382753250129, 0.32635196043088427, 0.31064448234149566, 0.3120656158283684, 0.277415774363666, 0.2823424960511323, 0.25724349112213823, 0.26375231044314246, 0.2517910355010342, 0.22345351845895306, 0.22445049831334746, 0.216963245342439, 0.2055743910667426, 0.20147560376626905, 0.18965574199861684, 0.17768280439704826, 0.18672213081593195, 0.1856316560810423, 0.18338163230125418, 0.17296068631777517, 0.1517538739044769, 0.16656207882636623, 0.16478709119477894, 0.1483868079492721, 0.14621547060423848, 0.15410270466978881, 0.14401782993965165, 0.15322041584192592, 0.12491959612370575, 0.1444797583076816, 0.12363300412491088, 0.11817457891828764, 0.11895469583580688, 0.1170062735177249, 0.10666760911903124, 0.11172472053395181, 0.0955218919915742, 0.11554835678366511, 0.11136549129323124, 0.11039581919526037, 0.11009274781217356, 0.10983702088237898, 0.10462849365014536, 0.09336191190031232, 0.09268750339214522, 0.10657472540671066, 0.10308901109304125, 0.09786758776535197, 0.10555090613802671, 0.10471510481045565, 0.10083542044104625, 0.0946619014247999], "val_loss": [0.5260295869737137, 0.38910865153723617, 0.357451478791673, 0.3115926485175524, 0.27463974210062647, 0.26499872930287344, 0.2330717491970314, 0.22462483716568327, 0.21670819693282853, 0.21225733694628002, 0.20882434912813388, 0.20571903651201628, 0.1973089364516299, 0.19213869810346665, 0.20445546086847297, 0.18839328097012953, 0.17499485163669276, 0.1961626257459686, 0.1837528407407122, 0.172704104667272, 0.1581031515119158, 0.15836714451557132, 0.1784937621351725, 0.16151470551645852, 0.16387275729812983, 0.15342449465751407, 0.17107566289331128, 0.15618861253785984, 0.14211721600192348, 0.14434228145055533, 0.14837890948979107, 0.14304389209842416, 0.14333018021680777, 0.14516066513743583, 0.13295533930186212, 0.1346664637028111, 0.14064395235192667, 0.14552709026493102, 0.143633703731485, 0.14388038579382123, 0.14023476384761857, 0.139636814978534, 0.14062827265995548, 0.1438628846658318, 0.14013248173201956, 0.14394445137813597, 0.1430535147172906, 0.14137221838165892, 0.13904441785392904, 0.1385711385779522, 0.14105946290480897, 0.1375185118049262, 0.15435470972679616, 0.1375947792472969, 0.14910474437671312, 0.1342589572655052, 0.1383855589930483], "lr": [0.0001, 0.0001, 0.0001, 0.0001, 0.0001, 0.0001, 0.0001, 0.0001, 0.0001, 0.0001, 0.0001, 0.0001, 0.0001, 0.0001, 0.0001, 0.0001, 0.0001, 0.0001, 0.0001, 0.0001, 0.0001, 0.0001, 0.0001, 0.0001, 0.0001, 0.0001, 0.0001, 0.0001, 0.0001, 0.0001, 0.0001, 0.0001, 0.0001, 5e-05, 5e-05, 5e-05, 5e-05, 5e-05, 5e-05, 2.5e-05, 2.5e-05, 2.5e-05, 2.5e-05, 2.5e-05, 1.25e-05, 1.25e-05, 1.25e-05, 1.25e-05, 1.25e-05, 6.25e-06, 6.25e-06, 6.25e-06, 6.25e-06, 6.25e-06, 3.125e-06, 3.125e-06, 3.125e-06]}