{"accuracy": [0.6412994093593821, 0.7891867333030441, 0.8209904588823262, 0.8425715583825534, 0.8584734211721945, 0.8634711494775102, 0.8682417083144025, 0.872557928214448, 0.8780099954566106, 0.8820990458882326, 0.8932303498409814, 0.8918673330304407, 0.8950477055883689, 0.9029986369831895, 0.9070876874148115, 0.9061790095411176, 0.9059518400726942, 0.9104952294411631, 0.9241253975465697, 0.9104952294411631, 0.9193548387096774, 0.9245797364834166, 0.9243525670149931, 0.9320763289413903, 0.930940481599273, 0.9270786006360745, 0.937074057246706, 0.933439345751931, 0.9393457519309405, 0.9418446160835984, 0.9457064970467969, 0.941163107678328, 0.9477510222626079, 0.9422989550204453, 0.941163107678328, 0.9420717855520218, 0.951385733757383, 0.9479781917310314, 0.94525215810995, 0.9541117673784644, 0.9479781917310314, 0.9429804634257156, 0.9461608359836438, 0.9495683780099955, 0.9445706497046797, 0.9463880054520672, 0.9461608359836438, 0.957519309404816], "val_accuracy": [0.8331562167906482, 0.871413390010627, 0.8862911795961743, 0.8926673751328374, 0.9054197662061636, 0.9086078639744952, 0.9139213602550478, 0.9160467587672688, 0.9128586609989373, 0.9234856535600425, 0.9309245483528161, 0.9213602550478215, 0.9139213602550478, 0.9234856535600425, 0.9139213602550478, 0.9149840595111584, 0.9341126461211477, 0.922422954303932, 0.9213602550478215, 0.924548352816153, 0.9287991498405951, 0.9298618490967057, 0.9309245483528161, 0.9287991498405951, 0.9277364505844846, 0.926673751328374, 0.9298618490967057, 0.9436769394261424, 0.9341126461211477, 0.9277364505844846, 0.9330499468650372, 0.9330499468650372, 0.9341126461211477, 0.9287991498405951, 0.9277364505844846, 0.9362380446333688, 0.9330499468650372, 0.9298618490967057, 0.9383634431455898, 0.9309245483528161, 0.9330499468650372, 0.9362380446333688, 0.9341126461211477, 0.9309245483528161, 0.9256110520722636, 0.9362380446333688, 0.9319872476089267, 0.9351753453772582], "loss": [0.9536126828746111, 0.5777757656352187, 0.4835952689895734, 0.41954048814041295, 0.3763032617053353, 0.36097112724532976, 0.3438161947899437, 0.33244199559992954, 0.309667413909562, 0.3062090298523961, 0.2798634563343788, 0.2751009437183205, 0.26545150970015297, 0.252610107380279, 0.2447812500350966, 0.24194185428324747, 0.25315062851323045, 0.22996536686657668, 0.20974995081449627, 0.21888080162115933, 0.2031154945621378, 0.1946093095318397, 0.19613285492030885, 0.18848085679665635, 0.18405602791806558, 0.18883970115792476, 0.1658653372908007, 0.17181662842123577, 0.16267530926787166, 0.1564078555763553, 0.15203621922596539, 0.1495877422835815, 0.14255586094555125, 0.14731011756004825, 0.1500244845129695, 0.14346212910988396, 0.12908371356821557, 0.1403626018169521, 0.14342648216075976, 0.12220391567486732, 0.14066480301229156, 0.1494947439808566, 0.1468729267522239, 0.12764311064269965, 0.14246422109252915, 0.13808085494884195, 0.13619307421489718, 0.11215153978337812], "val_loss": [0.5341472467219538, 0.41614041519405737, 0.3513687397298917, 0.31560848763768784, 0.2831094169971413, 0.257111903679865, 0.2663274765030484, 0.2357965329628315, 0.23392953413294176, 0.21974165296611572, 0.21077100190509201, 0.21061425089368974, 0.210419250088056, 0.19660911013497936, 0.20670780698658936, 0.20104835603057578, 0.19256763104408758, 0.21102629549698418, 0.18597210319782037, 0.1830453140112818, 0.19075760872407116, 0.18413657927836166, 0.17348802663726332, 0.1656376768406342, 0.17230878164645336, 0.1793057041422847, 0.17211211579045188, 0.1698679998794157, 0.17452672598972585, 0.17866919405845477, 0.17061618793910166, 0.16950942946481148, 0.1744224063529535, 0.17491993434355058, 0.16652997797523308, 0.1641727077173946, 0.16466225418643224, 0.17615591302339886, 0.16257836731045835, 0.17051681296209092, 0.16376215757111307, 0.15929375328895548, 0.16794256186439369, 0.17656009628236546, 0.16887779366799038, 0.16710151088256764, 0.16792386524798894, 0.16484824210349924], "lr": [0.0001, 0.0001, 0.0001, 0.0001, 0.0001, 0.0001, 0.0001, 0.0001, 0.0001, 0.0001, 0.0001, 0.0001, 0.0001, 0.0001, 0.0001, 0.0001, 0.0001, 0.0001, 0.0001, 0.0001, 0.0001, 0.0001, 0.0001, 0.0001, 0.0001, 0.0001, 0.0001, 0.0001, 5e-05, 5e-05, 5e-05, 5e-05, 5e-05, 2.5e-05, 2.5e-05, 2.5e-05, 2.5e-05, 2.5e-05, 2.5e-05, 2.5e-05, 2.5e-05, 2.5e-05, 2.5e-05, 2.5e-05, 2.5e-05, 2.5e-05, 1.25e-05, 1.25e-05]}