{"accuracy": [0.6516351817997156, 0.8017469022953484, 0.8295754621165956, 0.8504976640260004, 0.8632947389802965, 0.8653260207190737, 0.8791387365427584, 0.8846231972374569, 0.8915295551492992, 0.8966077594962422, 0.8978265285395084, 0.895998374974609, 0.906764168190128, 0.9039203737558399, 0.9150924233191143, 0.9152955514929921, 0.9094048344505383, 0.9197643713183018, 0.920373755839935, 0.9222019094048345, 0.92971765183831, 0.9291082673166768, 0.9266707292301443, 0.9321551899248426, 0.9392646760105626, 0.9370302660979077, 0.9414990859232175, 0.9378427787934186, 0.9392646760105626, 0.9445460085313833, 0.947592931139549, 0.9439366240097502, 0.9482023156611822, 0.95551492992078, 0.9530773918342474, 0.9530773918342474, 0.9563274426162909, 0.9542961608775137, 0.956936827137924, 0.9597806215722121, 0.9607962624416007, 0.9589681088767013, 0.9538899045297583, 0.9595774933983343, 0.9603900060938452, 0.9544992890513915, 0.9583587243550681, 0.961202518789356], "val_accuracy": [0.8577235772357723, 0.8892276422764228, 0.891260162601626, 0.9014227642276422, 0.9308943089430894, 0.9146341463414634, 0.9258130081300813, 0.9227642276422764, 0.9278455284552846, 0.9247967479674797, 0.9359756097560976, 0.9380081300813008, 0.9329268292682927, 0.9369918699186992, 0.9451219512195121, 0.9491869918699187, 0.9380081300813008, 0.9461382113821138, 0.9451219512195121, 0.9563008130081301, 0.943089430894309, 0.9369918699186992, 0.948170731707317, 0.9451219512195121, 0.9522357723577236, 0.9512195121951219, 0.943089430894309, 0.9583333333333334, 0.948170731707317, 0.9420731707317073, 0.9441056910569106, 0.9573170731707317, 0.9491869918699187, 0.9471544715447154, 0.9563008130081301, 0.9461382113821138, 0.9451219512195121, 0.9461382113821138, 0.9451219512195121, 0.9451219512195121, 0.9502032520325203, 0.9491869918699187, 0.9542682926829268, 0.943089430894309, 0.9532520325203252, 0.9542682926829268, 0.9512195121951219, 0.9461382113821138], "loss": [0.9181056000366459, 0.546074239989255, 0.4637927817252262, 0.397139389244202, 0.37220562460847245, 0.35358832808933727, 0.32066851564957893, 0.3080463184710806, 0.28606784622189285, 0.26936932063407826, 0.27160545788280077, 0.26689438729806325, 0.23967500796483684, 0.24509815701909504, 0.2251551529994564, 0.21893828125375814, 0.2344166855489532, 0.2095205092512445, 0.19435109773496775, 0.20129185245455025, 0.18105021673030494, 0.1834396303559667, 0.18883081190038353, 0.17675512274808572, 0.15644084244948345, 0.16705367434637444, 0.1499279046867428, 0.16157770550350287, 0.14872386870576965, 0.1383742554604753, 0.14468875180505383, 0.13974875634263353, 0.13783464101473297, 0.11193565221281282, 0.12226610461701326, 0.11612075846926023, 0.11368488787805649, 0.11942135784022091, 0.11792989081540245, 0.10838881906832522, 0.10790386526002986, 0.11073190737201653, 0.11767700343579508, 0.10422839771894912, 0.09703123683297922, 0.11356810151186751, 0.10512075553985478, 0.10553761158632646], "val_loss": [0.4870130394290133, 0.3646012418032662, 0.3141262758129496, 0.2774583862231272, 0.2468668436252974, 0.25669018987838815, 0.23049044148708747, 0.21451485102496495, 0.2068981492997912, 0.2096631765910765, 0.19418539199978113, 0.18241451733662345, 0.18231347596227396, 0.18619573929506103, 0.16717769576584904, 0.16350263892483663, 0.17177458205903934, 0.15050177926545946, 0.15044631156691812, 0.1379231438608613, 0.14645691532868801, 0.1553066753691471, 0.14565923457162652, 0.13551682919809005, 0.1327756911031599, 0.14191619289955654, 0.14559088115830246, 0.13078661665804986, 0.14708994071536918, 0.13643380202451433, 0.14778819958853529, 0.13216174918802348, 0.13514764263953377, 0.13504855892227252, 0.1301354111694708, 0.1373365873232393, 0.14382938381920501, 0.1621768085846329, 0.14356844887379708, 0.13461156053529158, 0.14278410150237927, 0.1402431979578564, 0.1300319588186628, 0.14753963291357325, 0.1345177412315128, 0.12969979021614947, 0.12909393781054068, 0.1416812305721053], "lr": [0.0001, 0.0001, 0.0001, 0.0001, 0.0001, 0.0001, 0.0001, 0.0001, 0.0001, 0.0001, 0.0001, 0.0001, 0.0001, 0.0001, 0.0001, 0.0001, 0.0001, 0.0001, 0.0001, 0.0001, 0.0001, 0.0001, 0.0001, 0.0001, 0.0001, 0.0001, 0.0001, 0.0001, 0.0001, 0.0001, 0.0001, 0.0001, 5e-05, 5e-05, 5e-05, 5e-05, 5e-05, 5e-05, 5e-05, 2.5e-05, 2.5e-05, 2.5e-05, 2.5e-05, 2.5e-05, 2.5e-05, 2.5e-05, 2.5e-05, 2.5e-05]}