{"accuracy": [0.6463538492788949, 0.7946374162096282, 0.8236847450741418, 0.8537477148080439, 0.8492788949827341, 0.8649197643713183, 0.877310582977859, 0.8862482226284786, 0.8901076579321552, 0.8966077594962422, 0.8878732480195003, 0.8970140158439975, 0.9152955514929921, 0.909607962624416, 0.9098110907982937, 0.9163111923623807, 0.9140767824497258, 0.9193581149705464, 0.9222019094048345, 0.9248425756652447, 0.9349989843591306, 0.9299207800121877, 0.9309364208815762, 0.9319520617509649, 0.9414990859232175, 0.9386552914889296, 0.9431241113142392, 0.9347958561852528, 0.9410928295754621, 0.9421084704448507, 0.9459679057485273, 0.9538899045297583, 0.9477960593134268, 0.9510461100954702, 0.9551086735730245, 0.9488117001828154, 0.9547024172252692, 0.95551492992078, 0.952671135486492, 0.9518586227909811, 0.95551492992078, 0.9618119033109892, 0.9563274426162909, 0.9559211862685354, 0.9579524680073126, 0.9516554946171034, 0.962015031484867, 0.9518586227909811, 0.9609993906154783, 0.9581555961811903, 0.9587649807028235, 0.9559211862685354, 0.9567336989640464, 0.9595774933983343, 0.9567336989640464, 0.9585618525289458, 0.9632338005281332, 0.961202518789356, 0.9593743652244566, 0.9567336989640464, 0.9603900060938452, 0.9587649807028235, 0.9544992890513915, 0.9640463132236441, 0.9618119033109892, 0.9593743652244566, 0.9589681088767013, 0.9616087751371115, 0.9599837497460898, 0.9652650822669104, 0.9638431850497664, 0.9607962624416007], "val_accuracy": [0.8648373983739838, 0.8892276422764228, 0.8821138211382114, 0.9004065040650406, 0.9136178861788617, 0.9095528455284553, 0.9197154471544715, 0.9166666666666666, 0.9339430894308943, 0.9278455284552846, 0.9380081300813008, 0.9420731707317073, 0.943089430894309, 0.9420731707317073, 0.943089430894309, 0.9471544715447154, 0.9410569105691057, 0.9380081300813008, 0.9512195121951219, 0.9522357723577236, 0.9420731707317073, 0.9410569105691057, 0.9420731707317073, 0.9532520325203252, 0.9441056910569106, 0.9451219512195121, 0.9380081300813008, 0.9522357723577236, 0.943089430894309, 0.9512195121951219, 0.9471544715447154, 0.9522357723577236, 0.9573170731707317, 0.948170731707317, 0.943089430894309, 0.9420731707317073, 0.9512195121951219, 0.943089430894309, 0.9522357723577236, 0.9512195121951219, 0.9512195121951219, 0.9563008130081301, 0.9563008130081301, 0.9532520325203252, 0.9542682926829268, 0.9552845528455285, 0.959349593495935, 0.9522357723577236, 0.9532520325203252, 0.9502032520325203, 0.9512195121951219, 0.9613821138211383, 0.948170731707317, 0.9563008130081301, 0.9573170731707317, 0.9491869918699187, 0.9491869918699187, 0.9603658536585366, 0.9542682926829268, 0.9410569105691057, 0.959349593495935, 0.9522357723577236, 0.9563008130081301, 0.9491869918699187, 0.9573170731707317, 0.9552845528455285, 0.9502032520325203, 0.9491869918699187, 0.9573170731707317, 0.9552845528455285, 0.9573170731707317, 0.9552845528455285], "loss": [0.9224194478823987, 0.5469394600926534, 0.4639230579373896, 0.40600976511978315, 0.3846010968086077, 0.3524577503835867, 0.33007307941778485, 0.30908983048689503, 0.2818305007137227, 0.27481994003196714, 0.2835979362389384, 0.263549737418882, 0.23828804989353128, 0.23934635127096818, 0.23628511928625764, 0.22142695257050124, 0.22607224682058816, 0.21709018908161085, 0.20105847369454968, 0.19843400442428324, 0.1804729035877489, 0.17580439464217298, 0.1879410934767877, 0.1792750018121943, 0.14946785983868835, 0.1584003780422331, 0.14531507732760196, 0.1693571512471024, 0.15060655049572577, 0.13865671517668327, 0.13962398527260841, 0.12758012739788244, 0.140329531330949, 0.12244387771597534, 0.12157013424523304, 0.1261273245246774, 0.11758679465116245, 0.12199850087724709, 0.11794175264822282, 0.11980726899665811, 0.11265354052491723, 0.10434210178160992, 0.1181166022622486, 0.11612825037235412, 0.10334625066525321, 0.11797304365805875, 0.10156087336103388, 0.11998028294381005, 0.10347530781532627, 0.1084643980363702, 0.10406483134711489, 0.10813919424695889, 0.10699188231017419, 0.10510889207253775, 0.11054891398736139, 0.10396957274571003, 0.09699253183711043, 0.09403292233324526, 0.10216927890392088, 0.10887693129320976, 0.10513654646654573, 0.10342982374457066, 0.10771016754465763, 0.09753703489890554, 0.100750014116288, 0.10242120645260777, 0.11102252667714928, 0.10012724423539268, 0.10584272071643498, 0.09934324558832625, 0.09259590232926802, 0.101984700096857], "val_loss": [0.49196457753821116, 0.36908241833855465, 0.32663908191933866, 0.27888666690001646, 0.25398996284579844, 0.2442688544288399, 0.23637962703237203, 0.2166046291529163, 0.2093423948267369, 0.20294370066101958, 0.1903268623173358, 0.1839109149617635, 0.1693588903824973, 0.1692300516491135, 0.17329838457025162, 0.16548250908622655, 0.1647204092166167, 0.1612661926272681, 0.15395655612483983, 0.14189624984377647, 0.14948011630373756, 0.15544731494387595, 0.16538018662845944, 0.1279914338081106, 0.13533348313767493, 0.14267394594408997, 0.1672915573178874, 0.13606914845711696, 0.15095891058823563, 0.13273111519184175, 0.1365855388983145, 0.12565322150854863, 0.12897465063819313, 0.13363992531852023, 0.13858106824175676, 0.139496833943512, 0.12720599119945208, 0.14539225135098885, 0.13250659619518593, 0.12508178413732024, 0.1341780207623402, 0.12597997224609542, 0.12250991888927311, 0.12869729443521397, 0.12066341681421046, 0.11629858570612543, 0.11242324642352457, 0.12906145430321433, 0.1271649360717312, 0.12472106002619475, 0.13126569530525342, 0.11803277690205874, 0.1319714261756498, 0.11948214680509173, 0.12010058380163662, 0.13755939492096414, 0.12980765864873925, 0.11981790963885927, 0.12486079267824327, 0.14866664649718025, 0.11542317505388301, 0.12924192513043925, 0.12049989699484492, 0.1320950411850723, 0.11309271367982303, 0.11947932642623328, 0.13400161182943246, 0.13803932336310484, 0.12148703707995392, 0.12528334202896046, 0.1244321536250049, 0.12373292038020323], "lr": [0.0001, 0.0001, 0.0001, 0.0001, 0.0001, 0.0001, 0.0001, 0.0001, 0.0001, 0.0001, 0.0001, 0.0001, 0.0001, 0.0001, 0.0001, 0.0001, 0.0001, 0.0001, 0.0001, 0.0001, 0.0001, 0.0001, 0.0001, 0.0001, 0.0001, 0.0001, 0.0001, 0.0001, 5e-05, 5e-05, 5e-05, 5e-05, 5e-05, 5e-05, 5e-05, 5e-05, 2.5e-05, 2.5e-05, 2.5e-05, 2.5e-05, 2.5e-05, 2.5e-05, 2.5e-05, 2.5e-05, 2.5e-05, 2.5e-05, 2.5e-05, 2.5e-05, 2.5e-05, 2.5e-05, 2.5e-05, 1.25e-05, 1.25e-05, 1.25e-05, 1.25e-05, 1.25e-05, 6.25e-06, 6.25e-06, 6.25e-06, 6.25e-06, 6.25e-06, 3.125e-06, 3.125e-06, 3.125e-06, 3.125e-06, 3.125e-06, 1.5625e-06, 1.5625e-06, 1.5625e-06, 1.5625e-06, 1.5625e-06, 7.8125e-07]}